{"stats":{"minecraft:mined":{"minecraft:grass":3,"minecraft:fern":1},"minecraft:custom":{"minecraft:jump":11,"minecraft:time_since_rest":2009,"minecraft:leave_game":1,"minecraft:damage_taken":20,"minecraft:sprint_one_cm":1696,"minecraft:play_time":2009,"minecraft:walk_on_water_one_cm":300,"minecraft:time_since_death":2009,"minecraft:walk_one_cm":457,"minecraft:sneak_time":6,"minecraft:total_world_time":2009,"minecraft:walk_under_water_one_cm":168,"minecraft:swim_one_cm":14847,"minecraft:fall_one_cm":434,"minecraft:fly_one_cm":2883}},"DataVersion":3578}